, 
188K, PricebookEntry.csv
105K, SBQQ__QuoteTerm__c.csv
103K, SBQQ__ProductOption__c.csv
102K, Product2.csv
50K, SBQQ__Localization__c.csv
46K, SBQQ__Cost__c.csv
42K, SBQQ__TemplateContent__c.csv
23K, SBQQ__DiscountTier__c.csv
12K, SBQQ__LineColumn__c.csv
11K, SBQQ__RelatedContent__c.csv
11K, SBQQ__CustomAction__c.csv
11K, SBQQ__TemplateSection__c.csv
8.6K, SBQQ__ProductAction__c.csv
8.5K, SBQQ__SearchIndex__c.csv
8.2K, SBQQ__DiscountSchedule__c.csv
7.8K, SBQQ__Theme__c.csv
6.6K, SBQQ__QuoteTemplate__c.csv
6.5K, SBQQ__BlockPrice__c.csv
6.0K, SBQQ__ErrorCondition__c.csv
5.7K, SBQQ__ProductFeature__c.csv
4.9K, SBQQ__ProductRule__c.csv
4.4K, SBQQ__Dimension__c.csv
4.3K, SBQQ__SummaryVariable__c.csv
3.8K, SBQQ__ConfigurationRule__c.csv
3.8K, files.txt
2.4K, SBQQ__PriceAction__c.csv
1.8K, SBQQ__PriceCondition__c.csv
1.7K, SBQQ__ConfigurationAttribute__c.csv
1.5K, SBQQ__OptionConstraint__c.csv
1.4K, SBQQ__TermCondition__c.csv
1.4K, SBQQ__PriceRule__c.csv
1.2K, SBQQ__CustomScript__c.csv
1.1K, SBQQ__ProcessInput__c.csv
1.1K, SBQQ__ImportColumn__c.csv
1.0K, SBQQ__LookupQuery__c.csv
586B, SBQQ__ProcessInputCondition__c.csv
382B, SBQQ__ImportFormat__c.csv
324B, SBQQ__SearchFilter__c.csv
306B, SBQQ__ProductAttribute__c.csv
289B, SBQQ__QuoteProcess__c.csv
261B, Pricebook2.csv
199B, SBQQ__UpgradeSource__c.csv
191B, SBQQ__CustomActionCondition__c.csv
189B, SBQQ__ProductAttributeSet__c.csv
154B, SBQQ__LookupData__c.csv
73B, SBQQ__DiscountCategory__c.csv
69B, SBQQ__SolutionGroup__c.csv
45B, SBQQ__AttributeSet__c.csv
0B, list.csv
